timestamp,zone_id,hour,dayofweek,is_weekend,forecast_orders
2024-03-01 00:00:00,0,0,4,False,3.224510871564193
2024-03-01 00:00:00,1,0,4,False,3.2172275914995208
2024-03-01 00:00:00,2,0,4,False,3.179222132962857
2024-03-01 00:00:00,3,0,4,False,3.0452132572886734
2024-03-01 00:00:00,4,0,4,False,3.197730494528616
2024-03-01 01:00:00,0,1,4,False,3.061808678611561
2024-03-01 01:00:00,1,1,4,False,3.0545253985468888
2024-03-01 01:00:00,2,1,4,False,3.016519940010225
2024-03-01 01:00:00,3,1,4,False,2.962686600643617
2024-03-01 01:00:00,4,1,4,False,3.15118071140254
2024-03-01 02:00:00,0,2,4,False,3.300873344063786
2024-03-01 02:00:00,1,2,4,False,3.293590063999114
2024-03-01 02:00:00,2,2,4,False,3.25558460546245
2024-03-01 02:00:00,3,2,4,False,3.4291874741232715
2024-03-01 02:00:00,4,2,4,False,3.6176815848821944
2024-03-01 03:00:00,0,3,4,False,3.2024972717296434
2024-03-01 03:00:00,1,3,4,False,3.1952139916649713
2024-03-01 03:00:00,2,3,4,False,3.1196852256958207
2024-03-01 03:00:00,3,3,4,False,3.1280885594083117
2024-03-01 03:00:00,4,3,4,False,3.3165826701672345
2024-03-01 04:00:00,0,4,4,False,3.1286174388126287
2024-03-01 04:00:00,1,4,4,False,3.0205414797021537
2024-03-01 04:00:00,2,4,4,False,2.945012713733003
2024-03-01 04:00:00,3,4,4,False,2.953416047445494
2024-03-01 04:00:00,4,4,4,False,2.9769262089963004
2024-03-01 05:00:00,0,5,4,False,3.332696899406723
2024-03-01 05:00:00,1,5,4,False,3.099352539964242
2024-03-01 05:00:00,2,5,4,False,3.0238237739950913
2024-03-01 05:00:00,3,5,4,False,3.032227107707582
2024-03-01 05:00:00,4,5,4,False,3.0557372692583886
2024-03-01 06:00:00,0,6,4,False,3.4354297988441442
2024-03-01 06:00:00,1,6,4,False,3.1555173976696382
2024-03-01 06:00:00,2,6,4,False,3.0936603934198224
2024-03-01 06:00:00,3,6,4,False,3.1020637271323133
2024-03-01 06:00:00,4,6,4,False,3.1255738886831197
2024-03-01 07:00:00,0,7,4,False,7.123484957523117
2024-03-01 07:00:00,1,7,4,False,6.764065611687987
2024-03-01 07:00:00,2,7,4,False,6.777737373407321
2024-03-01 07:00:00,3,7,4,False,6.786140707119811
2024-03-01 07:00:00,4,7,4,False,6.805614999309364
2024-03-01 08:00:00,0,8,4,False,7.123484957523117
2024-03-01 08:00:00,1,8,4,False,6.764065611687987
2024-03-01 08:00:00,2,8,4,False,6.777737373407321
2024-03-01 08:00:00,3,8,4,False,6.786140707119811
2024-03-01 08:00:00,4,8,4,False,6.805614999309364
2024-03-01 09:00:00,0,9,4,False,6.667772990620465
2024-03-01 09:00:00,1,9,4,False,6.673951081981384
2024-03-01 09:00:00,2,9,4,False,6.687622843700718
2024-03-01 09:00:00,3,9,4,False,6.696026177413208
2024-03-01 09:00:00,4,9,4,False,6.70360068912944
2024-03-01 10:00:00,0,10,4,False,3.225669274032074
2024-03-01 10:00:00,1,10,4,False,3.231847365392993
2024-03-01 10:00:00,2,10,4,False,3.1167468184561655
2024-03-01 10:00:00,3,10,4,False,3.1251501521686564
2024-03-01 10:00:00,4,10,4,False,3.09865715435309
2024-03-01 11:00:00,0,11,4,False,3.2508087912460693
2024-03-01 11:00:00,1,11,4,False,3.2569868826069883
2024-03-01 11:00:00,2,11,4,False,3.2225813502890133
2024-03-01 11:00:00,3,11,4,False,3.230984684001504
2024-03-01 11:00:00,4,11,4,False,3.204491686185938
2024-03-01 12:00:00,0,12,4,False,3.2508087912460693
2024-03-01 12:00:00,1,12,4,False,3.2569868826069883
2024-03-01 12:00:00,2,12,4,False,3.2225813502890133
2024-03-01 12:00:00,3,12,4,False,3.230984684001504
2024-03-01 12:00:00,4,12,4,False,3.204491686185938
2024-03-01 13:00:00,0,13,4,False,3.2508087912460693
2024-03-01 13:00:00,1,13,4,False,3.2569868826069883
2024-03-01 13:00:00,2,13,4,False,3.2225813502890133
2024-03-01 13:00:00,3,13,4,False,3.230984684001504
2024-03-01 13:00:00,4,13,4,False,3.204491686185938
2024-03-01 14:00:00,0,14,4,False,3.285325321612353
2024-03-01 14:00:00,1,14,4,False,3.291503412973272
2024-03-01 14:00:00,2,14,4,False,3.257097880655297
2024-03-01 14:00:00,3,14,4,False,3.265501214367788
2024-03-01 14:00:00,4,14,4,False,3.2390082165522216
2024-03-01 15:00:00,0,15,4,False,3.285325321612353
2024-03-01 15:00:00,1,15,4,False,3.291503412973272
2024-03-01 15:00:00,2,15,4,False,3.257097880655297
2024-03-01 15:00:00,3,15,4,False,3.265501214367788
2024-03-01 15:00:00,4,15,4,False,3.2390082165522216
2024-03-01 16:00:00,0,16,4,False,6.80096420828902
2024-03-01 16:00:00,1,16,4,False,7.082093314296247
2024-03-01 16:00:00,2,16,4,False,7.047687781978273
2024-03-01 16:00:00,3,16,4,False,6.979892904002241
2024-03-01 16:00:00,4,16,4,False,7.216698512541035
2024-03-01 17:00:00,0,17,4,False,6.679784354014981
2024-03-01 17:00:00,1,17,4,False,6.960913460022208
2024-03-01 17:00:00,2,17,4,False,6.975350159775939
2024-03-01 17:00:00,3,17,4,False,6.975350159775939
2024-03-01 17:00:00,4,17,4,False,7.2242432712059355
2024-03-01 18:00:00,0,18,4,False,6.70765040499575
2024-03-01 18:00:00,1,18,4,False,6.846310235343677
2024-03-01 18:00:00,2,18,4,False,6.860746935097408
2024-03-01 18:00:00,3,18,4,False,6.860746935097408
2024-03-01 18:00:00,4,18,4,False,7.1180190013326134
2024-03-01 19:00:00,0,19,4,False,3.117533515446315
2024-03-01 19:00:00,1,19,4,False,2.934733767590654
2024-03-01 19:00:00,2,19,4,False,2.954759409299979
2024-03-01 19:00:00,3,19,4,False,2.95690290274875
2024-03-01 19:00:00,4,19,4,False,3.0878077828356143
2024-03-01 20:00:00,0,20,4,False,3.048825617539318
2024-03-01 20:00:00,1,20,4,False,2.938611086855505
2024-03-01 20:00:00,2,20,4,False,3.037706052436266
2024-03-01 20:00:00,3,20,4,False,3.039849545885037
2024-03-01 20:00:00,4,20,4,False,3.187086096655088
2024-03-01 21:00:00,0,21,4,False,3.089225040366433
2024-03-01 21:00:00,1,21,4,False,2.9752830467486966
2024-03-01 21:00:00,2,21,4,False,3.0743780123294577
2024-03-01 21:00:00,3,21,4,False,3.0765215057782287
2024-03-01 21:00:00,4,21,4,False,3.2237580565482795
2024-03-01 22:00:00,0,22,4,False,3.134289536594101
2024-03-01 22:00:00,1,22,4,False,2.9248845006838025
2024-03-01 22:00:00,2,22,4,False,3.0239794662645636
2024-03-01 22:00:00,3,22,4,False,3.0261229597133346
2024-03-01 22:00:00,4,22,4,False,3.1135611884042445
2024-03-01 23:00:00,0,23,4,False,3.1895745755617866
2024-03-01 23:00:00,1,23,4,False,2.980169539651488
2024-03-01 23:00:00,2,23,4,False,3.079264505232249
2024-03-01 23:00:00,3,23,4,False,3.08140799868102
2024-03-01 23:00:00,4,23,4,False,3.1405759055284275
2024-03-02 00:00:00,0,0,5,True,3.4172080619410283
2024-03-02 00:00:00,1,0,5,True,3.35515713054975
2024-03-02 00:00:00,2,0,5,True,3.317151672013086
2024-03-02 00:00:00,3,0,5,True,3.2303345912898864
2024-03-02 00:00:00,4,0,5,True,3.2851737200397158
2024-03-02 01:00:00,0,1,5,True,3.2300808746370504
2024-03-02 01:00:00,1,1,5,True,3.168029943245772
2024-03-02 01:00:00,2,1,5,True,3.130024484709108
2024-03-02 01:00:00,3,1,5,True,3.1233829402934843
2024-03-02 01:00:00,4,1,5,True,3.214198942562294
2024-03-02 02:00:00,0,2,5,True,3.4954628603213496
2024-03-02 02:00:00,1,2,5,True,3.418675946610789
2024-03-02 02:00:00,2,2,5,True,3.3806704880741254
2024-03-02 02:00:00,3,2,5,True,3.573337433888397
2024-03-02 02:00:00,4,2,5,True,3.6482238626068915
2024-03-02 03:00:00,0,3,5,True,3.4523819125514543
2024-03-02 03:00:00,1,3,5,True,3.375594998840894
2024-03-02 03:00:00,2,3,5,True,3.3000662328717434
2024-03-02 03:00:00,3,3,5,True,3.327533643737685
2024-03-02 03:00:00,4,3,5,True,3.402420072456179
2024-03-02 04:00:00,0,4,5,True,3.457192167656083
2024-03-02 04:00:00,1,4,5,True,3.2796125748997196
2024-03-02 04:00:00,2,4,5,True,3.204083808930569
2024-03-02 04:00:00,3,4,5,True,3.2315512197965104
2024-03-02 04:00:00,4,4,5,True,3.1414536993068882
2024-03-02 05:00:00,0,5,5,True,3.5887304310907724
2024-03-02 05:00:00,1,5,5,True,3.2858824380024028
2024-03-02 05:00:00,2,5,5,True,3.210353672033252
2024-03-02 05:00:00,3,5,5,True,3.2378210828991936
2024-03-02 05:00:00,4,5,5,True,3.1477235624095714
2024-03-02 06:00:00,0,6,5,True,3.6508693063108915
2024-03-02 06:00:00,1,6,5,True,3.301453271490497
2024-03-02 06:00:00,2,6,5,True,3.2395962672406813
2024-03-02 06:00:00,3,6,5,True,3.2670636781066227
2024-03-02 06:00:00,4,6,5,True,3.1769661576170005
2024-03-02 07:00:00,0,7,5,True,7.65355314198503
2024-03-02 07:00:00,1,7,5,True,7.2246301625040115
2024-03-02 07:00:00,2,7,5,True,7.238301924223346
2024-03-02 07:00:00,3,7,5,True,7.265769335089286
2024-03-02 07:00:00,4,7,5,True,7.171635945238407
2024-03-02 08:00:00,0,8,5,True,7.65355314198503
2024-03-02 08:00:00,1,8,5,True,7.2246301625040115
2024-03-02 08:00:00,2,8,5,True,7.238301924223346
2024-03-02 08:00:00,3,8,5,True,7.265769335089286
2024-03-02 08:00:00,4,8,5,True,7.171635945238407
2024-03-02 09:00:00,0,9,5,True,7.197841175082377
2024-03-02 09:00:00,1,9,5,True,7.134515632797409
2024-03-02 09:00:00,2,9,5,True,7.148187394516743
2024-03-02 09:00:00,3,9,5,True,7.175654805382683
2024-03-02 09:00:00,4,9,5,True,7.069621635058483
2024-03-02 10:00:00,0,10,5,True,3.393106653205048
2024-03-02 10:00:00,1,10,5,True,3.351900248038313
2024-03-02 10:00:00,2,10,5,True,3.2367997011014857
2024-03-02 10:00:00,3,10,5,True,3.264267111967427
2024-03-02 10:00:00,4,10,5,True,3.124166432111432
2024-03-02 11:00:00,0,11,5,True,3.418246170419043
2024-03-02 11:00:00,1,11,5,True,3.3770397652523085
2024-03-02 11:00:00,2,11,5,True,3.3426342329343335
2024-03-02 11:00:00,3,11,5,True,3.370101643800275
2024-03-02 11:00:00,4,11,5,True,3.23000096394428
2024-03-02 12:00:00,0,12,5,True,3.418246170419043
2024-03-02 12:00:00,1,12,5,True,3.3770397652523085
2024-03-02 12:00:00,2,12,5,True,3.3426342329343335
2024-03-02 12:00:00,3,12,5,True,3.370101643800275
2024-03-02 12:00:00,4,12,5,True,3.23000096394428
2024-03-02 13:00:00,0,13,5,True,3.4699366661910167
2024-03-02 13:00:00,1,13,5,True,3.441404064603857
2024-03-02 13:00:00,2,13,5,True,3.406998532285882
2024-03-02 13:00:00,3,13,5,True,3.434465943151823
2024-03-02 13:00:00,4,13,5,True,3.2943652632958282
2024-03-02 14:00:00,0,14,5,True,3.5044531965573005
2024-03-02 14:00:00,1,14,5,True,3.4759205949701406
2024-03-02 14:00:00,2,14,5,True,3.4415150626521656
2024-03-02 14:00:00,3,14,5,True,3.468982473518107
2024-03-02 14:00:00,4,14,5,True,3.328881793662112
2024-03-02 15:00:00,0,15,5,True,3.5044531965573005
2024-03-02 15:00:00,1,15,5,True,3.4759205949701406
2024-03-02 15:00:00,2,15,5,True,3.4415150626521656
2024-03-02 15:00:00,3,15,5,True,3.468982473518107
2024-03-02 15:00:00,4,15,5,True,3.328881793662112
2024-03-02 16:00:00,0,16,5,True,6.982441228201824
2024-03-02 16:00:00,1,16,5,True,7.259578655902859
2024-03-02 16:00:00,2,16,5,True,7.225173123584884
2024-03-02 16:00:00,3,16,5,True,7.176442322762302
2024-03-02 16:00:00,4,16,5,True,7.3258910602126
2024-03-02 17:00:00,0,17,5,True,6.861261373927785
2024-03-02 17:00:00,1,17,5,True,7.138398801628819
2024-03-02 17:00:00,2,17,5,True,7.15283550138255
2024-03-02 17:00:00,3,17,5,True,7.171899578536
2024-03-02 17:00:00,4,17,5,True,7.333435818877501
2024-03-02 18:00:00,0,18,5,True,6.889127424908554
2024-03-02 18:00:00,1,18,5,True,7.023795576950288
2024-03-02 18:00:00,2,18,5,True,7.0382322767040195
2024-03-02 18:00:00,3,18,5,True,7.05729635385747
2024-03-02 18:00:00,4,18,5,True,7.227211549004179
2024-03-02 19:00:00,0,19,5,True,3.1064965465959955
2024-03-02 19:00:00,1,19,5,True,2.919705120434142
2024-03-02 19:00:00,2,19,5,True,2.939730762143467
2024-03-02 19:00:00,3,19,5,True,2.9609383327456884
2024-03-02 19:00:00,4,19,5,True,3.0044863417440597
2024-03-02 20:00:00,0,20,5,True,3.2101086041422695
2024-03-02 20:00:00,1,20,5,True,3.095902395152264
2024-03-02 20:00:00,2,20,5,True,3.194997360733025
2024-03-02 20:00:00,3,20,5,True,3.2162049313352465
2024-03-02 20:00:00,4,20,5,True,3.2760846110168043
2024-03-02 21:00:00,0,21,5,True,3.2662084991913396
2024-03-02 21:00:00,1,21,5,True,3.152002290201334
2024-03-02 21:00:00,2,21,5,True,3.251097255782095
2024-03-02 21:00:00,3,21,5,True,3.2723048263843166
2024-03-02 21:00:00,4,21,5,True,3.3321845060658744
2024-03-02 22:00:00,0,22,5,True,3.3084400086012957
2024-03-02 22:00:00,1,22,5,True,3.120798614447059
2024-03-02 22:00:00,2,22,5,True,3.2198935800278203
2024-03-02 22:00:00,3,22,5,True,3.241101150630042
2024-03-02 22:00:00,4,22,5,True,3.2411825082324586
2024-03-02 23:00:00,0,23,5,True,3.4911176536091424
2024-03-02 23:00:00,1,23,5,True,3.303476259454906
2024-03-02 23:00:00,2,23,5,True,3.402571225035667
2024-03-02 23:00:00,3,23,5,True,3.4237787956378885
2024-03-02 23:00:00,4,23,5,True,3.3955898313968027
2024-03-03 00:00:00,0,0,6,True,3.1118995644531187
2024-03-03 00:00:00,1,0,6,True,2.991952239595853
2024-03-03 00:00:00,2,0,6,True,2.9160287839159342
2024-03-03 00:00:00,3,0,6,True,3.202787526613461
2024-03-03 00:00:00,4,0,6,True,3.288423217836127
2024-03-03 01:00:00,0,1,6,True,2.9247723771491407
2024-03-03 01:00:00,1,1,6,True,2.804825052291875
2024-03-03 01:00:00,2,1,6,True,2.7289015966119563
2024-03-03 01:00:00,3,1,6,True,3.095835875617059
2024-03-03 01:00:00,4,1,6,True,3.217448440358705
2024-03-03 02:00:00,0,2,6,True,3.312410736219103
2024-03-03 02:00:00,1,2,6,True,3.1777274290425552
2024-03-03 02:00:00,2,2,6,True,3.1018039733626366
2024-03-03 02:00:00,3,2,6,True,3.4691500015437997
2024-03-03 02:00:00,4,2,6,True,3.5748329927351303
2024-03-03 03:00:00,0,3,6,True,3.2693297884492076
2024-03-03 03:00:00,1,3,6,True,3.13464648127266
2024-03-03 03:00:00,2,3,6,True,3.0211997181602546
2024-03-03 03:00:00,3,3,6,True,3.2233462113930873
2024-03-03 03:00:00,4,3,6,True,3.329029202584418
2024-03-03 04:00:00,0,4,6,True,3.274140043553836
2024-03-03 04:00:00,1,4,6,True,3.0386640573314856
2024-03-03 04:00:00,2,4,6,True,2.92521729421908
2024-03-03 04:00:00,3,4,6,True,3.127363787451913
2024-03-03 04:00:00,4,4,6,True,3.068062829435127
2024-03-03 05:00:00,0,5,6,True,3.4056783069885257
2024-03-03 05:00:00,1,5,6,True,3.0449339204341688
2024-03-03 05:00:00,2,5,6,True,2.9314871573217633
2024-03-03 05:00:00,3,5,6,True,3.133633650554596
2024-03-03 05:00:00,4,5,6,True,3.0743326925378103
2024-03-03 06:00:00,0,6,6,True,3.5504269436621634
2024-03-03 06:00:00,1,6,6,True,3.143114515375782
2024-03-03 06:00:00,2,6,6,True,3.043339513982711
2024-03-03 06:00:00,3,6,6,True,3.180343042380917
2024-03-03 06:00:00,4,6,6,True,3.1210420843641313
2024-03-03 07:00:00,0,7,6,True,7.577381418709082
2024-03-03 07:00:00,1,7,6,True,7.090562045762077
2024-03-03 07:00:00,2,7,6,True,7.066315810338157
2024-03-03 07:00:00,3,7,6,True,7.203319338736363
2024-03-03 07:00:00,4,7,6,True,7.115711871985539
2024-03-03 08:00:00,0,8,6,True,7.626479032684415
2024-03-03 08:00:00,1,8,6,True,7.13965965973741
2024-03-03 08:00:00,2,8,6,True,7.066315810338157
2024-03-03 08:00:00,3,8,6,True,7.203319338736363
2024-03-03 08:00:00,4,8,6,True,7.055716726704782
2024-03-03 09:00:00,0,9,6,True,7.162272500391927
2024-03-03 09:00:00,1,9,6,True,7.041050564640971
2024-03-03 09:00:00,2,9,6,True,6.967706715241718
2024-03-03 09:00:00,3,9,6,True,7.104710243639924
2024-03-03 09:00:00,4,9,6,True,6.945207851135022
2024-03-03 10:00:00,0,10,6,True,3.3575379785145976
2024-03-03 10:00:00,1,10,6,True,3.2584351798818756
2024-03-03 10:00:00,2,10,6,True,3.0563190218264618
2024-03-03 10:00:00,3,10,6,True,3.193322550224668
2024-03-03 10:00:00,4,10,6,True,2.99975264818797
2024-03-03 11:00:00,0,11,6,True,3.382677495728593
2024-03-03 11:00:00,1,11,6,True,3.283574697095871
2024-03-03 11:00:00,2,11,6,True,3.1621535536593095
2024-03-03 11:00:00,3,11,6,True,3.2991570820575156
2024-03-03 11:00:00,4,11,6,True,3.1055871800208177
2024-03-03 12:00:00,0,12,6,True,3.382677495728593
2024-03-03 12:00:00,1,12,6,True,3.283574697095871
2024-03-03 12:00:00,2,12,6,True,3.1621535536593095
2024-03-03 12:00:00,3,12,6,True,3.2991570820575156
2024-03-03 12:00:00,4,12,6,True,3.1055871800208177
2024-03-03 13:00:00,0,13,6,True,3.382677495728593
2024-03-03 13:00:00,1,13,6,True,3.296248500675446
2024-03-03 13:00:00,2,13,6,True,3.1748273572388843
2024-03-03 13:00:00,3,13,6,True,3.3118308856370904
2024-03-03 13:00:00,4,13,6,True,3.1182609836003925
2024-03-03 14:00:00,0,14,6,True,3.4171940260948768
2024-03-03 14:00:00,1,14,6,True,3.3307650310417296
2024-03-03 14:00:00,2,14,6,True,3.209343887605168
2024-03-03 14:00:00,3,14,6,True,3.346347416003374
2024-03-03 14:00:00,4,14,6,True,3.1527775139666763
2024-03-03 15:00:00,0,15,6,True,3.4171940260948768
2024-03-03 15:00:00,1,15,6,True,3.3307650310417296
2024-03-03 15:00:00,2,15,6,True,3.209343887605168
2024-03-03 15:00:00,3,15,6,True,3.346347416003374
2024-03-03 15:00:00,4,15,6,True,3.1527775139666763
2024-03-03 16:00:00,0,16,6,True,6.613760656528386
2024-03-03 16:00:00,1,16,6,True,6.8330016907634334
2024-03-03 16:00:00,2,16,6,True,6.711580547326872
2024-03-03 16:00:00,3,16,6,True,6.772385864036556
2024-03-03 16:00:00,4,16,6,True,6.868365379306152
2024-03-03 17:00:00,0,17,6,True,6.414956895306731
2024-03-03 17:00:00,1,17,6,True,6.634197929541778
2024-03-03 17:00:00,2,17,6,True,6.5616190181769225
2024-03-03 17:00:00,3,17,6,True,6.6902192128626385
2024-03-03 17:00:00,4,17,6,True,6.798286231023437
2024-03-03 18:00:00,0,18,6,True,6.4428229462875
2024-03-03 18:00:00,1,18,6,True,6.519594704863247
2024-03-03 18:00:00,2,18,6,True,6.447015793498392
2024-03-03 18:00:00,3,18,6,True,6.575615988184108
2024-03-03 18:00:00,4,18,6,True,6.692061961150115
2024-03-03 19:00:00,0,19,6,True,2.8373364022231637
2024-03-03 19:00:00,1,19,6,True,2.7068011775240515
2024-03-03 19:00:00,2,19,6,True,2.6398112081147898
2024-03-03 19:00:00,3,19,6,True,2.8114847395999485
2024-03-03 19:00:00,4,19,6,True,2.801563526417617
2024-03-03 20:00:00,0,20,6,True,2.9409484597694378
2024-03-03 20:00:00,1,20,6,True,2.882998452242173
2024-03-03 20:00:00,2,20,6,True,2.895077806704348
2024-03-03 20:00:00,3,20,6,True,3.0667513381895066
2024-03-03 20:00:00,4,20,6,True,3.0731617956903614
2024-03-03 21:00:00,0,21,6,True,3.0912966808590743
2024-03-03 21:00:00,1,21,6,True,3.0333466733318097
2024-03-03 21:00:00,2,21,6,True,3.0454260277939844
2024-03-03 21:00:00,3,21,6,True,3.217099559279143
2024-03-03 21:00:00,4,21,6,True,3.223510016779998
2024-03-03 22:00:00,0,22,6,True,2.7816972539573777
2024-03-03 22:00:00,1,22,6,True,2.7147421294239664
2024-03-03 22:00:00,2,22,6,True,2.726821483886141
2024-03-03 22:00:00,3,22,6,True,2.8984950153713
2024-03-03 22:00:00,4,22,6,True,2.8451071507930137
2024-03-03 23:00:00,0,23,6,True,3.024159290616001
2024-03-03 23:00:00,1,23,6,True,2.95720416608259
2024-03-03 23:00:00,2,23,6,True,2.9692835205447645
2024-03-03 23:00:00,3,23,6,True,3.1409570520299233
2024-03-03 23:00:00,4,23,6,True,3.0592988656081346
2024-03-04 00:00:00,0,0,0,False,3.1466430392486378
2024-03-04 00:00:00,1,0,0,False,3.1393597591839657
2024-03-04 00:00:00,2,0,0,False,3.241676890768766
2024-03-04 00:00:00,3,0,0,False,3.0886020687074347
2024-03-04 00:00:00,4,0,0,False,3.173492972947097
2024-03-04 01:00:00,0,1,0,False,3.0366375512539694
2024-03-04 01:00:00,1,1,0,False,3.0293542711892973
2024-03-04 01:00:00,2,1,0,False,3.1316714027740975
2024-03-04 01:00:00,3,1,0,False,3.058772117020342
2024-03-04 01:00:00,4,1,0,False,3.179639894778985
2024-03-04 02:00:00,0,2,0,False,3.263665929429969
2024-03-04 02:00:00,1,2,0,False,3.256382649365297
2024-03-04 02:00:00,2,2,0,False,3.297422159695068
2024-03-04 02:00:00,3,2,0,False,3.4519590819687416
2024-03-04 02:00:00,4,2,0,False,3.6078317966814826
2024-03-04 03:00:00,0,3,0,False,3.1652898570958263
2024-03-04 03:00:00,1,3,0,False,3.1580065770311543
2024-03-04 03:00:00,2,3,0,False,3.1615227799284384
2024-03-04 03:00:00,3,3,0,False,3.1508601672537817
2024-03-04 03:00:00,4,3,0,False,3.3067328819665227
2024-03-04 04:00:00,0,4,0,False,2.9992484438351017
2024-03-04 04:00:00,1,4,0,False,2.8911724847246267
2024-03-04 04:00:00,2,4,0,False,2.894688687621911
2024-03-04 04:00:00,3,4,0,False,2.884026074947254
2024-03-04 04:00:00,4,4,0,False,2.8749148404518787
2024-03-04 05:00:00,0,5,0,False,3.2145659301428036
2024-03-04 05:00:00,1,5,0,False,2.9812215707003222
2024-03-04 05:00:00,2,5,0,False,2.9847377735976064
2024-03-04 05:00:00,3,5,0,False,2.9740751609229497
2024-03-04 05:00:00,4,5,0,False,2.9649639264275742
2024-03-04 06:00:00,0,6,0,False,3.373539105169294
2024-03-04 06:00:00,1,6,0,False,3.093626703994788
2024-03-04 06:00:00,2,6,0,False,3.1108146686114067
2024-03-04 06:00:00,3,6,0,False,3.10015205593675
2024-03-04 06:00:00,4,6,0,False,3.073489661365519
2024-03-04 07:00:00,0,7,0,False,7.636477830052652
2024-03-04 07:00:00,1,7,0,False,7.277058484217521
2024-03-04 07:00:00,2,7,0,False,7.290730245936856
2024-03-04 07:00:00,3,7,0,False,7.280067633262198
2024-03-04 07:00:00,4,7,0,False,7.241155424370237
2024-03-04 08:00:00,0,8,0,False,7.636477830052652
2024-03-04 08:00:00,1,8,0,False,7.277058484217521
2024-03-04 08:00:00,2,8,0,False,7.290730245936856
2024-03-04 08:00:00,3,8,0,False,7.280067633262198
2024-03-04 08:00:00,4,8,0,False,7.241155424370237
2024-03-04 09:00:00,0,9,0,False,7.1807658631499995
2024-03-04 09:00:00,1,9,0,False,7.186943954510919
2024-03-04 09:00:00,2,9,0,False,7.200615716230253
2024-03-04 09:00:00,3,9,0,False,7.189953103555595
2024-03-04 09:00:00,4,9,0,False,7.139141114190313
2024-03-04 10:00:00,0,10,0,False,3.2507081809941947
2024-03-04 10:00:00,1,10,0,False,3.2568862723551137
2024-03-04 10:00:00,2,10,0,False,3.1417857254182864
2024-03-04 10:00:00,3,10,0,False,3.1311231127436296
2024-03-04 10:00:00,4,10,0,False,3.0462436138465505
2024-03-04 11:00:00,0,11,0,False,3.27584769820819
2024-03-04 11:00:00,1,11,0,False,3.282025789569109
2024-03-04 11:00:00,2,11,0,False,3.247620257251134
2024-03-04 11:00:00,3,11,0,False,3.2369576445764774
2024-03-04 11:00:00,4,11,0,False,3.1520781456793983
2024-03-04 12:00:00,0,12,0,False,3.2168395059237285
2024-03-04 12:00:00,1,12,0,False,3.2230175972846475
2024-03-04 12:00:00,2,12,0,False,3.1886120649666725
2024-03-04 12:00:00,3,12,0,False,3.1779494522920158
2024-03-04 12:00:00,4,12,0,False,3.0930699533949366
2024-03-04 13:00:00,0,13,0,False,3.2168395059237285
2024-03-04 13:00:00,1,13,0,False,3.2230175972846475
2024-03-04 13:00:00,2,13,0,False,3.1886120649666725
2024-03-04 13:00:00,3,13,0,False,3.1779494522920158
2024-03-04 13:00:00,4,13,0,False,3.0930699533949366
2024-03-04 14:00:00,0,14,0,False,3.2653752975381334
2024-03-04 14:00:00,1,14,0,False,3.2715533888990525
2024-03-04 14:00:00,2,14,0,False,3.2371478565810774
2024-03-04 14:00:00,3,14,0,False,3.2264852439064207
2024-03-04 14:00:00,4,14,0,False,3.1416057450093415
2024-03-04 15:00:00,0,15,0,False,3.2653752975381334
2024-03-04 15:00:00,1,15,0,False,3.2715533888990525
2024-03-04 15:00:00,2,15,0,False,3.2371478565810774
2024-03-04 15:00:00,3,15,0,False,3.2264852439064207
2024-03-04 15:00:00,4,15,0,False,3.1416057450093415
2024-03-04 16:00:00,0,16,0,False,7.16508656850007
2024-03-04 16:00:00,1,16,0,False,7.433936194647592
2024-03-04 16:00:00,2,16,0,False,7.399530662329618
2024-03-04 16:00:00,3,16,0,False,7.3041273001662566
2024-03-04 16:00:00,4,16,0,False,7.482546407623536
2024-03-04 17:00:00,0,17,0,False,7.04390671422603
2024-03-04 17:00:00,1,17,0,False,7.312756340373553
2024-03-04 17:00:00,2,17,0,False,7.327193040127284
2024-03-04 17:00:00,3,17,0,False,7.299584555939955
2024-03-04 17:00:00,4,17,0,False,7.490091166288437
2024-03-04 18:00:00,0,18,0,False,7.148222691833096
2024-03-04 18:00:00,1,18,0,False,7.274603042321319
2024-03-04 18:00:00,2,18,0,False,7.28903974207505
2024-03-04 18:00:00,3,18,0,False,7.261431257887721
2024-03-04 18:00:00,4,18,0,False,7.488342413634387
2024-03-04 19:00:00,0,19,0,False,3.2140122374888542
2024-03-04 19:00:00,1,19,0,False,2.9936668911257778
2024-03-04 19:00:00,2,19,0,False,3.0136925328351025
2024-03-04 19:00:00,3,19,0,False,3.1327599352165247
2024-03-04 19:00:00,4,19,0,False,3.5324062094977884
2024-03-04 20:00:00,0,20,0,False,3.145304339581857
2024-03-04 20:00:00,1,20,0,False,2.9975442103906285
2024-03-04 20:00:00,2,20,0,False,3.0966391759713896
2024-03-04 20:00:00,3,20,0,False,3.215706578352812
2024-03-04 20:00:00,4,20,0,False,3.631684523317262
2024-03-04 21:00:00,0,21,0,False,3.140909970966083
2024-03-04 21:00:00,1,21,0,False,2.9894223788409304
2024-03-04 21:00:00,2,21,0,False,3.0885173444216916
2024-03-04 21:00:00,3,21,0,False,3.207584746803114
2024-03-04 21:00:00,4,21,0,False,3.623562691767564
2024-03-04 22:00:00,0,22,0,False,3.153811065073673
2024-03-04 22:00:00,1,22,0,False,2.9068604306559584
2024-03-04 22:00:00,2,22,0,False,3.0059553962367196
2024-03-04 22:00:00,3,22,0,False,3.125022798618142
2024-03-04 22:00:00,4,22,0,False,3.481202421503451
2024-03-04 23:00:00,0,23,0,False,3.199754813262927
2024-03-04 23:00:00,1,23,0,False,2.952804178845213
2024-03-04 23:00:00,2,23,0,False,3.051899144425974
2024-03-04 23:00:00,3,23,0,False,3.170966546807396
2024-03-04 23:00:00,4,23,0,False,3.498875847849203
2024-03-05 00:00:00,0,0,1,False,3.151470066456496
2024-03-05 00:00:00,1,0,1,False,3.144186786391824
2024-03-05 00:00:00,2,0,1,False,3.246503917976624
2024-03-05 00:00:00,3,0,1,False,3.101832429627784
2024-03-05 00:00:00,4,0,1,False,3.1785093889079707
2024-03-05 01:00:00,0,1,1,False,3.0414645784618277
2024-03-05 01:00:00,1,1,1,False,3.0341812983971557
2024-03-05 01:00:00,2,1,1,False,3.136498429981956
2024-03-05 01:00:00,3,1,1,False,3.0720024779406914
2024-03-05 01:00:00,4,1,1,False,3.1846563107398587
2024-03-05 02:00:00,0,2,1,False,3.2684929566378274
2024-03-05 02:00:00,1,2,1,False,3.2612096765731553
2024-03-05 02:00:00,2,2,1,False,3.3022491869029262
2024-03-05 02:00:00,3,2,1,False,3.465189442889091
2024-03-05 02:00:00,4,2,1,False,3.6128482126423562
2024-03-05 03:00:00,0,3,1,False,3.1701168843036847
2024-03-05 03:00:00,1,3,1,False,3.1628336042390126
2024-03-05 03:00:00,2,3,1,False,3.1663498071362968
2024-03-05 03:00:00,3,3,1,False,3.164090528174131
2024-03-05 03:00:00,4,3,1,False,3.3117492979273964
2024-03-05 04:00:00,0,4,1,False,3.00407547104296
2024-03-05 04:00:00,1,4,1,False,2.895999511932485
2024-03-05 04:00:00,2,4,1,False,2.899515714829769
2024-03-05 04:00:00,3,4,1,False,2.8972564358676034
2024-03-05 04:00:00,4,4,1,False,2.8799312564127524
2024-03-05 05:00:00,0,5,1,False,3.219392957350662
2024-03-05 05:00:00,1,5,1,False,2.9860485979081806
2024-03-05 05:00:00,2,5,1,False,2.9895648008054647
2024-03-05 05:00:00,3,5,1,False,2.987305521843299
2024-03-05 05:00:00,4,5,1,False,2.969980342388448
2024-03-05 06:00:00,0,6,1,False,3.378366132377152
2024-03-05 06:00:00,1,6,1,False,3.098453731202646
2024-03-05 06:00:00,2,6,1,False,3.115641695819265
2024-03-05 06:00:00,3,6,1,False,3.113382416857099
2024-03-05 06:00:00,4,6,1,False,3.078506077326393
2024-03-05 07:00:00,0,7,1,False,7.633090912301034
2024-03-05 07:00:00,1,7,1,False,7.273671566465904
2024-03-05 07:00:00,2,7,1,False,7.287343328185238
2024-03-05 07:00:00,3,7,1,False,7.28508404922307
2024-03-05 07:00:00,4,7,1,False,7.246171840331109
2024-03-05 08:00:00,0,8,1,False,7.633090912301034
2024-03-05 08:00:00,1,8,1,False,7.273671566465904
2024-03-05 08:00:00,2,8,1,False,7.287343328185238
2024-03-05 08:00:00,3,8,1,False,7.28508404922307
2024-03-05 08:00:00,4,8,1,False,7.246171840331109
2024-03-05 09:00:00,0,9,1,False,7.177378945398382
2024-03-05 09:00:00,1,9,1,False,7.183557036759301
2024-03-05 09:00:00,2,9,1,False,7.197228798478635
2024-03-05 09:00:00,3,9,1,False,7.194969519516468
2024-03-05 09:00:00,4,9,1,False,7.144157530151185
2024-03-05 10:00:00,0,10,1,False,3.2473212632425774
2024-03-05 10:00:00,1,10,1,False,3.2534993546034965
2024-03-05 10:00:00,2,10,1,False,3.138398807666669
2024-03-05 10:00:00,3,10,1,False,3.1361395287045033
2024-03-05 10:00:00,4,10,1,False,3.051260029807424
2024-03-05 11:00:00,0,11,1,False,3.272460780456573
2024-03-05 11:00:00,1,11,1,False,3.278638871817492
2024-03-05 11:00:00,2,11,1,False,3.244233339499517
2024-03-05 11:00:00,3,11,1,False,3.241974060537351
2024-03-05 11:00:00,4,11,1,False,3.157094561640272
2024-03-05 12:00:00,0,12,1,False,3.272460780456573
2024-03-05 12:00:00,1,12,1,False,3.278638871817492
2024-03-05 12:00:00,2,12,1,False,3.244233339499517
2024-03-05 12:00:00,3,12,1,False,3.241974060537351
2024-03-05 12:00:00,4,12,1,False,3.157094561640272
2024-03-05 13:00:00,0,13,1,False,3.272460780456573
2024-03-05 13:00:00,1,13,1,False,3.278638871817492
2024-03-05 13:00:00,2,13,1,False,3.244233339499517
2024-03-05 13:00:00,3,13,1,False,3.241974060537351
2024-03-05 13:00:00,4,13,1,False,3.157094561640272
2024-03-05 14:00:00,0,14,1,False,3.3209965720709778
2024-03-05 14:00:00,1,14,1,False,3.327174663431897
2024-03-05 14:00:00,2,14,1,False,3.2927691311139218
2024-03-05 14:00:00,3,14,1,False,3.290509852151756
2024-03-05 14:00:00,4,14,1,False,3.205630353254677
2024-03-05 15:00:00,0,15,1,False,3.3209965720709778
2024-03-05 15:00:00,1,15,1,False,3.327174663431897
2024-03-05 15:00:00,2,15,1,False,3.2927691311139218
2024-03-05 15:00:00,3,15,1,False,3.290509852151756
2024-03-05 15:00:00,4,15,1,False,3.205630353254677
2024-03-05 16:00:00,0,16,1,False,7.1432614105521655
2024-03-05 16:00:00,1,16,1,False,7.412111036699688
2024-03-05 16:00:00,2,16,1,False,7.377705504381714
2024-03-05 16:00:00,3,16,1,False,7.282302142218352
2024-03-05 16:00:00,4,16,1,False,7.460721249675632
2024-03-05 17:00:00,0,17,1,False,7.022081556278126
2024-03-05 17:00:00,1,17,1,False,7.290931182425648
2024-03-05 17:00:00,2,17,1,False,7.30536788217938
2024-03-05 17:00:00,3,17,1,False,7.2777593979920505
2024-03-05 17:00:00,4,17,1,False,7.468266008340533
2024-03-05 18:00:00,0,18,1,False,7.049947607258895
2024-03-05 18:00:00,1,18,1,False,7.176327957747118
2024-03-05 18:00:00,2,18,1,False,7.190764657500849
2024-03-05 18:00:00,3,18,1,False,7.16315617331352
2024-03-05 18:00:00,4,18,1,False,7.3620417384672105
2024-03-05 19:00:00,0,19,1,False,3.19564963557253
2024-03-05 19:00:00,1,19,1,False,2.9753042892094537
2024-03-05 19:00:00,2,19,1,False,2.9953299309187784
2024-03-05 19:00:00,3,19,1,False,3.1143973333002006
2024-03-05 19:00:00,4,19,1,False,3.48601801698849
2024-03-05 20:00:00,0,20,1,False,3.126941737665533
2024-03-05 20:00:00,1,20,1,False,2.9791816084743044
2024-03-05 20:00:00,2,20,1,False,3.0782765740550655
2024-03-05 20:00:00,3,20,1,False,3.1973439764364877
2024-03-05 20:00:00,4,20,1,False,3.5852963308079633
2024-03-05 21:00:00,0,21,1,False,3.1350517554879382
2024-03-05 21:00:00,1,21,1,False,2.983564163362786
2024-03-05 21:00:00,2,21,1,False,3.082659128943547
2024-03-05 21:00:00,3,21,1,False,3.201726531324969
2024-03-05 21:00:00,4,21,1,False,3.5896788856964448
2024-03-05 22:00:00,0,22,1,False,3.1479528495955282
2024-03-05 22:00:00,1,22,1,False,2.901002215177814
2024-03-05 22:00:00,2,22,1,False,3.000097180758575
2024-03-05 22:00:00,3,22,1,False,3.1191645831399972
2024-03-05 22:00:00,4,22,1,False,3.447318615432332
2024-03-05 23:00:00,0,23,1,False,3.203237888563214
2024-03-05 23:00:00,1,23,1,False,2.9562872541454994
2024-03-05 23:00:00,2,23,1,False,3.0553822197262606
2024-03-05 23:00:00,3,23,1,False,3.174449622107683
2024-03-05 23:00:00,4,23,1,False,3.474333332556515
2024-03-06 00:00:00,0,0,2,False,3.351527653890734
2024-03-06 00:00:00,1,0,2,False,3.344244373826062
2024-03-06 00:00:00,2,0,2,False,3.306238915289398
2024-03-06 00:00:00,3,0,2,False,3.161567426940558
2024-03-06 00:00:00,4,0,2,False,3.2732493231748427
2024-03-06 01:00:00,0,1,2,False,3.2415221658960656
2024-03-06 01:00:00,1,1,2,False,3.2342388858313935
2024-03-06 01:00:00,2,1,2,False,3.1962334272947297
2024-03-06 01:00:00,3,1,2,False,3.1317374752534652
2024-03-06 01:00:00,4,1,2,False,3.2793962450067307
2024-03-06 02:00:00,0,2,2,False,3.3776268008260644
2024-03-06 02:00:00,1,2,2,False,3.3703435207613923
2024-03-06 02:00:00,2,2,2,False,3.3323380622247285
2024-03-06 02:00:00,3,2,2,False,3.495278318210893
2024-03-06 02:00:00,4,2,2,False,3.6429370879641585
2024-03-06 03:00:00,0,3,2,False,3.2792507284919217
2024-03-06 03:00:00,1,3,2,False,3.2719674484272496
2024-03-06 03:00:00,2,3,2,False,3.196438682458099
2024-03-06 03:00:00,3,3,2,False,3.194179403495933
2024-03-06 03:00:00,4,3,2,False,3.3418381732491986
2024-03-06 04:00:00,0,4,2,False,3.1906581794384663
2024-03-06 04:00:00,1,4,2,False,3.0825822203279913
2024-03-06 04:00:00,2,4,2,False,3.0070534543588407
2024-03-06 04:00:00,3,4,2,False,3.004794175396675
2024-03-06 04:00:00,4,4,2,False,2.987468995941824
2024-03-06 05:00:00,0,5,2,False,3.405975665746168
2024-03-06 05:00:00,1,5,2,False,3.172631306303687
2024-03-06 05:00:00,2,5,2,False,3.0971025403345362
2024-03-06 05:00:00,3,5,2,False,3.0948432613723704
2024-03-06 05:00:00,4,5,2,False,3.0775180819175194
2024-03-06 06:00:00,0,6,2,False,3.5649488407726584
2024-03-06 06:00:00,1,6,2,False,3.2850364395981524
2024-03-06 06:00:00,2,6,2,False,3.2231794353483365
2024-03-06 06:00:00,3,6,2,False,3.2209201563861707
2024-03-06 06:00:00,4,6,2,False,3.1860438168554643
2024-03-06 07:00:00,0,7,2,False,7.17003907737506
2024-03-06 07:00:00,1,7,2,False,6.81061973153993
2024-03-06 07:00:00,2,7,2,False,6.824291493259264
2024-03-06 07:00:00,3,7,2,False,6.822032214297097
2024-03-06 07:00:00,4,7,2,False,6.783120005405135
2024-03-06 08:00:00,0,8,2,False,7.17003907737506
2024-03-06 08:00:00,1,8,2,False,6.81061973153993
2024-03-06 08:00:00,2,8,2,False,6.824291493259264
2024-03-06 08:00:00,3,8,2,False,6.822032214297097
2024-03-06 08:00:00,4,8,2,False,6.783120005405135
2024-03-06 09:00:00,0,9,2,False,6.714327110472408
2024-03-06 09:00:00,1,9,2,False,6.720505201833327
2024-03-06 09:00:00,2,9,2,False,6.734176963552661
2024-03-06 09:00:00,3,9,2,False,6.731917684590494
2024-03-06 09:00:00,4,9,2,False,6.681105695225211
2024-03-06 10:00:00,0,10,2,False,3.2613405244906986
2024-03-06 10:00:00,1,10,2,False,3.2675186158516176
2024-03-06 10:00:00,2,10,2,False,3.1524180689147903
2024-03-06 10:00:00,3,10,2,False,3.1501587899526244
2024-03-06 10:00:00,4,10,2,False,3.0652792910555453
2024-03-06 11:00:00,0,11,2,False,3.286480041704694
2024-03-06 11:00:00,1,11,2,False,3.292658133065613
2024-03-06 11:00:00,2,11,2,False,3.258252600747638
2024-03-06 11:00:00,3,11,2,False,3.255993321785472
2024-03-06 11:00:00,4,11,2,False,3.171113822888393
2024-03-06 12:00:00,0,12,2,False,3.286480041704694
2024-03-06 12:00:00,1,12,2,False,3.292658133065613
2024-03-06 12:00:00,2,12,2,False,3.258252600747638
2024-03-06 12:00:00,3,12,2,False,3.255993321785472
2024-03-06 12:00:00,4,12,2,False,3.171113822888393
2024-03-06 13:00:00,0,13,2,False,3.286480041704694
2024-03-06 13:00:00,1,13,2,False,3.292658133065613
2024-03-06 13:00:00,2,13,2,False,3.258252600747638
2024-03-06 13:00:00,3,13,2,False,3.255993321785472
2024-03-06 13:00:00,4,13,2,False,3.171113822888393
2024-03-06 14:00:00,0,14,2,False,3.3209965720709778
2024-03-06 14:00:00,1,14,2,False,3.327174663431897
2024-03-06 14:00:00,2,14,2,False,3.2927691311139218
2024-03-06 14:00:00,3,14,2,False,3.290509852151756
2024-03-06 14:00:00,4,14,2,False,3.205630353254677
2024-03-06 15:00:00,0,15,2,False,3.3209965720709778
2024-03-06 15:00:00,1,15,2,False,3.327174663431897
2024-03-06 15:00:00,2,15,2,False,3.2927691311139218
2024-03-06 15:00:00,3,15,2,False,3.290509852151756
2024-03-06 15:00:00,4,15,2,False,3.205630353254677
2024-03-06 16:00:00,0,16,2,False,7.1432614105521655
2024-03-06 16:00:00,1,16,2,False,7.412111036699688
2024-03-06 16:00:00,2,16,2,False,7.377705504381714
2024-03-06 16:00:00,3,16,2,False,7.282302142218352
2024-03-06 16:00:00,4,16,2,False,7.460721249675632
2024-03-06 17:00:00,0,17,2,False,7.022081556278126
2024-03-06 17:00:00,1,17,2,False,7.290931182425648
2024-03-06 17:00:00,2,17,2,False,7.30536788217938
2024-03-06 17:00:00,3,17,2,False,7.2777593979920505
2024-03-06 17:00:00,4,17,2,False,7.468266008340533
2024-03-06 18:00:00,0,18,2,False,7.049947607258895
2024-03-06 18:00:00,1,18,2,False,7.176327957747118
2024-03-06 18:00:00,2,18,2,False,7.190764657500849
2024-03-06 18:00:00,3,18,2,False,7.16315617331352
2024-03-06 18:00:00,4,18,2,False,7.3620417384672105
2024-03-06 19:00:00,0,19,2,False,3.1592351339837736
2024-03-06 19:00:00,1,19,2,False,2.9641559062684086
2024-03-06 19:00:00,2,19,2,False,2.9841815479777334
2024-03-06 19:00:00,3,19,2,False,2.958716557239176
2024-03-06 19:00:00,4,19,2,False,3.071726445656243
2024-03-06 20:00:00,0,20,2,False,3.0905272360767766
2024-03-06 20:00:00,1,20,2,False,2.9680332255332593
2024-03-06 20:00:00,2,20,2,False,3.0671281911140205
2024-03-06 20:00:00,3,20,2,False,3.041663200375463
2024-03-06 20:00:00,4,20,2,False,3.1710047594757165
2024-03-06 21:00:00,0,21,2,False,3.0986372538991818
2024-03-06 21:00:00,1,21,2,False,2.972415780421741
2024-03-06 21:00:00,2,21,2,False,3.071510746002502
2024-03-06 21:00:00,3,21,2,False,3.0460457552639446
2024-03-06 21:00:00,4,21,2,False,3.175387314364198
2024-03-06 22:00:00,0,22,2,False,3.1115383480067718
2024-03-06 22:00:00,1,22,2,False,2.889853832236769
2024-03-06 22:00:00,2,22,2,False,2.98894879781753
2024-03-06 22:00:00,3,22,2,False,2.9634838070789726
2024-03-06 22:00:00,4,22,2,False,3.033027044100085
2024-03-06 23:00:00,0,23,2,False,3.1668233869744573
2024-03-06 23:00:00,1,23,2,False,2.9451388712044544
2024-03-06 23:00:00,2,23,2,False,3.0442338367852155
2024-03-06 23:00:00,3,23,2,False,3.018768846046658
2024-03-06 23:00:00,4,23,2,False,3.060041761224268
2024-03-07 00:00:00,0,0,3,False,3.4463979784032444
2024-03-07 00:00:00,1,0,3,False,3.4391146983385723
2024-03-07 00:00:00,2,0,3,False,3.4011092398019085
2024-03-07 00:00:00,3,0,3,False,3.2564377514530682
2024-03-07 00:00:00,4,0,3,False,3.350568487611498
2024-03-07 01:00:00,0,1,3,False,3.336392490408576
2024-03-07 01:00:00,1,1,3,False,3.329109210343904
2024-03-07 01:00:00,2,1,3,False,3.29110375180724
2024-03-07 01:00:00,3,1,3,False,3.2266077997659757
2024-03-07 01:00:00,4,1,3,False,3.3567154094433858
2024-03-07 02:00:00,0,2,3,False,3.472497125338575
2024-03-07 02:00:00,1,2,3,False,3.4652138452739027
2024-03-07 02:00:00,2,2,3,False,3.427208386737239
2024-03-07 02:00:00,3,2,3,False,3.5901486427234035
2024-03-07 02:00:00,4,2,3,False,3.7202562524008136
2024-03-07 03:00:00,0,3,3,False,3.374121053004432
2024-03-07 03:00:00,1,3,3,False,3.36683777293976
2024-03-07 03:00:00,2,3,3,False,3.2913090069706095
2024-03-07 03:00:00,3,3,3,False,3.2890497280084436
2024-03-07 03:00:00,4,3,3,False,3.4191573376858537
2024-03-07 04:00:00,0,4,3,False,3.3002412200874174
2024-03-07 04:00:00,1,4,3,False,3.1921652609769424
2024-03-07 04:00:00,2,4,3,False,3.116636495007792
2024-03-07 04:00:00,3,4,3,False,3.114377216045626
2024-03-07 04:00:00,4,4,3,False,3.0795008765149197
2024-03-07 05:00:00,0,5,3,False,3.504320680681512
2024-03-07 05:00:00,1,5,3,False,3.2709763212390306
2024-03-07 05:00:00,2,5,3,False,3.19544755526988
2024-03-07 05:00:00,3,5,3,False,3.193188276307714
2024-03-07 05:00:00,4,5,3,False,3.158311936777008
2024-03-07 06:00:00,0,6,3,False,3.5581894059865515
2024-03-07 06:00:00,1,6,3,False,3.2782770048120455
2024-03-07 06:00:00,2,6,3,False,3.2164200005622297
2024-03-07 06:00:00,3,6,3,False,3.214160721600064
2024-03-07 06:00:00,4,6,3,False,3.1792843820693575
2024-03-07 07:00:00,0,7,3,False,7.1588010516614515
2024-03-07 07:00:00,1,7,3,False,6.799381705826321
2024-03-07 07:00:00,2,7,3,False,6.8130534675456556
2024-03-07 07:00:00,3,7,3,False,6.810794188583488
2024-03-07 07:00:00,4,7,3,False,6.771881979691527
2024-03-07 08:00:00,0,8,3,False,7.1588010516614515
2024-03-07 08:00:00,1,8,3,False,6.799381705826321
2024-03-07 08:00:00,2,8,3,False,6.8130534675456556
2024-03-07 08:00:00,3,8,3,False,6.810794188583488
2024-03-07 08:00:00,4,8,3,False,6.771881979691527
2024-03-07 09:00:00,0,9,3,False,6.703089084758799
2024-03-07 09:00:00,1,9,3,False,6.7092671761197185
2024-03-07 09:00:00,2,9,3,False,6.722938937839053
2024-03-07 09:00:00,3,9,3,False,6.720679658876885
2024-03-07 09:00:00,4,9,3,False,6.669867669511603
2024-03-07 10:00:00,0,10,3,False,3.2501024987770912
2024-03-07 10:00:00,1,10,3,False,3.2562805901380103
2024-03-07 10:00:00,2,10,3,False,3.141180043201183
2024-03-07 10:00:00,3,10,3,False,3.138920764239017
2024-03-07 10:00:00,4,10,3,False,3.054041265341938
2024-03-07 11:00:00,0,11,3,False,3.2752420159910867
2024-03-07 11:00:00,1,11,3,False,3.2814201073520057
2024-03-07 11:00:00,2,11,3,False,3.2470145750340307
2024-03-07 11:00:00,3,11,3,False,3.244755296071865
2024-03-07 11:00:00,4,11,3,False,3.1598757971747857
2024-03-07 12:00:00,0,12,3,False,3.2752420159910867
2024-03-07 12:00:00,1,12,3,False,3.2814201073520057
2024-03-07 12:00:00,2,12,3,False,3.2470145750340307
2024-03-07 12:00:00,3,12,3,False,3.244755296071865
2024-03-07 12:00:00,4,12,3,False,3.1598757971747857
2024-03-07 13:00:00,0,13,3,False,3.2752420159910867
2024-03-07 13:00:00,1,13,3,False,3.2814201073520057
2024-03-07 13:00:00,2,13,3,False,3.2470145750340307
2024-03-07 13:00:00,3,13,3,False,3.244755296071865
2024-03-07 13:00:00,4,13,3,False,3.1598757971747857
2024-03-07 14:00:00,0,14,3,False,3.3097585463573704
2024-03-07 14:00:00,1,14,3,False,3.3159366377182895
2024-03-07 14:00:00,2,14,3,False,3.2815311054003145
2024-03-07 14:00:00,3,14,3,False,3.2792718264381486
2024-03-07 14:00:00,4,14,3,False,3.1943923275410695
2024-03-07 15:00:00,0,15,3,False,3.3097585463573704
2024-03-07 15:00:00,1,15,3,False,3.3159366377182895
2024-03-07 15:00:00,2,15,3,False,3.2815311054003145
2024-03-07 15:00:00,3,15,3,False,3.2792718264381486
2024-03-07 15:00:00,4,15,3,False,3.1943923275410695
2024-03-07 16:00:00,0,16,3,False,6.825397433034039
2024-03-07 16:00:00,1,16,3,False,7.1065265390412655
2024-03-07 16:00:00,2,16,3,False,7.072121006723291
2024-03-07 16:00:00,3,16,3,False,6.993663516072601
2024-03-07 16:00:00,4,16,3,False,7.172082623529881
2024-03-07 17:00:00,0,17,3,False,6.704217578759999
2024-03-07 17:00:00,1,17,3,False,6.985346684767226
2024-03-07 17:00:00,2,17,3,False,6.999783384520957
2024-03-07 17:00:00,3,17,3,False,6.9891207718462995
2024-03-07 17:00:00,4,17,3,False,7.179627382194782
2024-03-07 18:00:00,0,18,3,False,6.732083629740768
2024-03-07 18:00:00,1,18,3,False,6.870743460088695
2024-03-07 18:00:00,2,18,3,False,6.8851801598424265
2024-03-07 18:00:00,3,18,3,False,6.874517547167769
2024-03-07 18:00:00,4,18,3,False,7.07340311232146
2024-03-07 19:00:00,0,19,3,False,3.1252874989802253
2024-03-07 19:00:00,1,19,3,False,2.9424877511245646
2024-03-07 19:00:00,2,19,3,False,2.9625133928338894
2024-03-07 19:00:00,3,19,3,False,2.9539942736080036
2024-03-07 19:00:00,4,19,3,False,3.0670041620250705
2024-03-07 20:00:00,0,20,3,False,3.0565796010732282
2024-03-07 20:00:00,1,20,3,False,2.9463650703894153
2024-03-07 20:00:00,2,20,3,False,3.0454600359701764
2024-03-07 20:00:00,3,20,3,False,3.0369409167442907
2024-03-07 20:00:00,4,20,3,False,3.166282475844544
2024-03-07 21:00:00,0,21,3,False,3.053383515289453
2024-03-07 21:00:00,1,21,3,False,2.9394415216717165
2024-03-07 21:00:00,2,21,3,False,3.0385364872524776
2024-03-07 21:00:00,3,21,3,False,3.030017368026592
2024-03-07 21:00:00,4,21,3,False,3.159358927126845
2024-03-07 22:00:00,0,22,3,False,3.066284609397043
2024-03-07 22:00:00,1,22,3,False,2.8568795734867445
2024-03-07 22:00:00,2,22,3,False,2.9559745390675056
2024-03-07 22:00:00,3,22,3,False,2.94745541984162
2024-03-07 22:00:00,4,22,3,False,3.0169986568627323
2024-03-07 23:00:00,0,23,3,False,3.1215696483647286
2024-03-07 23:00:00,1,23,3,False,2.91216461245443
2024-03-07 23:00:00,2,23,3,False,3.011259578035191
2024-03-07 23:00:00,3,23,3,False,3.0027404588093054
2024-03-07 23:00:00,4,23,3,False,3.0440133739869153
